date,elec,gas,water
2008-06-19,,0.0,
2013-02-19,,,0.0
2014-04-30,0.0,,
2015-09-25,11992.0,,334.0
2015-12-31,13402.0,13244.0,400.0
2016-03-04,14308.6,13482.345,
2016-07-21,16277.6,14000.0,
2016-08-17,16552.0,14300.0,
2016-08-22,16597.0,14342.0,471.0
2016-09-03,16624.8,14346.397,472.2839
2016-09-16,16744.4,14363.088,475.994
2016-09-25,16834.2,14382.63,478.592
2016-10-03,16914.0,14400.0,480.9014
2016-10-12,17024.2,14440.0,485.3212
2016-10-19,17096.2,14468.388,487.8132
2016-11-02,17276.7,14535.085,492.8194
2016-11-18,17446.7,14658.522,498.1094
2016-11-25,17523.5,14695.401,500.2765
2016-12-03,17620.5,14755.004,503.2839
2016-12-19,17818.5,14903.325,509.3784
2016-12-31,17942.7,14997.689,512.3446
2017-01-13,18107.3,15131.17,516.8377
2017-01-20,18216.2,15202.91,518.1464
2017-01-25,18273.6,15267.327,520.5685
2017-01-31,18356.0,15324.957,522.3994
2017-02-07,18456.5,15378.9,524.6061
2017-02-14,18556.5,15439.802,526.9745
2017-02-17,18596.0,15461.023,528.1291
2017-02-24,18688.5,15502.458,530.1103
2017-03-04,18780.2,15550.84,532.0376
2017-03-17,18964.2,15630.021,536.5587
2017-04-01,19179.0,15686.087,541.4959
2017-04-12,19335.0,15716.266,545.568
2017-04-25,19458.6,15792.274,548.2212
2017-05-11,19694.2,15867.208,554.005
2017-05-20,19817.0,15883.957,557.1858
2017-05-28,19930.6,15895.999,559.989
2017-06-03,20003.6,15903.61,562.245
2017-06-24,20250.7,15927.262,569.5011
2017-07-21,20596.6,15957.569,578.9444
2017-07-22,20609.4,15958.691,579.2942
2017-07-24,20635.0,15960.936,579.9937
2017-07-26,20660.6,15963.181,580.6932
2017-08-20,20982.0,15994.0,589.0
2017-09-11,21200.9,16017.736,595.5102
2017-10-03,21476.4,16078.634,603.6775
2017-10-10,21568.8,16104.563,606.4019
2017-10-21,21745.1,16131.064,610.3702
2017-11-10,22009.5,16231.355,616.7819
2017-11-19,22147.0,16303.037,620.2962
2017-12-01,22307.4,16401.445,624.0923
2017-12-18,22570.0,16559.174,631.5212
2017-12-19,22583.9,16567.548,631.871
2017-12-22,22625.4,16592.671,632.9203
2018-01-04,22778.2,16694.074,636.5326
2018-01-05,22794.6,16699.863,636.9081
2018-01-06,22811.0,16705.651,637.2836
2018-01-07,22823.5,16712.968,637.6241
2018-01-08,22836.0,16720.285,637.9646
2018-01-10,22865.6,16735.688,638.7807
2018-01-13,22902.4,16762.269,639.8063
2018-01-14,22914.6,16771.13,640.1482
2018-01-15,22926.9,16779.99,640.4901
2018-01-22,23025.5,16841.129,643.0186
2018-01-27,23091.7,16879.772,644.6237
2018-01-30,23129.3,16897.276,645.4795
2018-01-31,23148.9,16903.991,646.0248
2018-02-01,23160.6,16910.914,646.3109
2018-02-02,23174.0,16919.214,646.5876
2018-02-03,23187.3,16927.513,646.8642
2018-02-04,23199.8,16935.512,647.204
2018-02-05,23211.4,16945.536,647.5013
2018-02-06,23222.7,16954.778,647.9356
2018-02-07,23241.6,16964.943,648.4317
2018-02-08,23253.4,16975.828,648.7691
2018-02-09,23263.9,16984.833,649.0853
2018-02-10,23284.5,16994.329,649.4994
2018-02-16,23324.8,17052.419,649.9531
2018-02-18,23364.2,17068.8,650.7008
2018-02-19,23377.1,17079.441,650.9883
2018-02-20,23385.0,17090.353,651.2
2018-02-21,23400.4,17100.407,651.7027
2018-02-22,23412.2,17110.261,652.0926
2018-02-23,23428.5,17121.509,652.3359
2018-02-25,23459.8,17140.164,652.9362
2018-02-26,23468.0,17154.185,653.2344
2018-02-27,23481.0,17167.722,653.5281
2018-02-28,23495.1,17181.553,653.9659
2018-03-01,23506.8,17195.836,654.2456
2018-03-02,23519.0,17207.658,654.5617
2018-03-03,23537.5,17216.817,654.8533
2018-03-04,23555.0,17223.34,655.2054
2018-03-05,23564.3,17230.336,655.505
2018-03-06,23576.9,17239.766,655.7458
2018-03-07,23594.8,17247.845,656.2633
2018-03-08,23605.5,17254.975,656.5396
2018-03-09,23622.3,17260.672,656.8116
2018-03-10,23633.0,17265.697,657.201
2018-03-11,23654.6,17270.448,657.571
2018-03-12,23667.5,17274.984,657.9127
2018-03-13,23679.2,17280.361,658.2734
2018-03-14,23699.2,17285.949,658.7605
2018-03-15,23708.2,17292.603,659.0888
2018-03-16,23723.8,17298.344,659.4299
2018-03-17,23741.0,17304.664,659.6769
2018-03-18,23761.0,17312.773,660.2812
2018-03-19,23776.2,17323.69,660.4813
2018-03-20,23784.9,17334.308,660.9664
2018-03-21,23804.6,17342.825,661.4419
2018-03-22,23813.2,17351.724,661.688
2018-03-23,23824.5,17360.215,662.0561
2018-03-24,23841.7,17366.29,662.4163
2018-03-25,23862.5,17370.832,662.8442
2018-03-26,23875.1,17376.338,663.1862
2018-03-27,23888.7,17382.81,663.4308
2018-03-28,23900.2,17389.97,663.8747
2018-03-29,23910.6,17395.89,664.1575
2018-03-30,23925.4,17402.332,664.4178
2018-03-31,23938.9,17407.489,664.7626
2018-04-01,23950.7,17413.997,665.1102
2018-04-02,23964.7,17419.34,665.5759
2018-04-03,23973.7,17422.258,665.8047
2018-04-06,23988.3,17432.633,665.8321
2018-04-07,23997.8,17436.07,666.1429
2018-04-08,24016.5,17438.122,666.5997
2018-04-09,24025.6,17440.517,666.8628
2018-04-10,24036.0,17442.668,667.1638
2018-04-11,24052.6,17444.848,667.606
2018-04-12,24063.2,17446.458,667.7998
2018-04-13,24083.7,17448.307,668.0983
2018-04-14,24097.8,17450.141,668.5876
2018-04-15,24113.7,17451.462,668.9303
2018-04-16,24127.0,17453.57,669.339
2018-04-17,24143.6,17455.358,669.7379
2018-04-18,24160.8,17456.909,670.2367
2018-04-19,24170.7,17458.492,670.5177
2018-04-20,24186.9,17459.792,670.8066
2018-04-21,24199.4,17461.279,671.0657
2018-04-22,24218.1,17462.555,671.5392
2018-04-25,24254.2,17465.921,672.6217
2018-04-26,24265.2,17467.011,672.9291
2018-04-27,24279.2,17468.045,673.1647
2018-04-28,24291.9,17469.187,673.4799
2018-04-29,24312.0,17470.594,673.9691
2018-04-30,24323.3,17471.499,674.1328
2018-05-01,24333.5,17472.376,674.5524
2018-05-02,24351.8,17473.505,675.0332
2018-05-03,24363.8,17474.745,675.348
2018-05-05,24389.3,17477.074,676.0201
2018-05-06,24408.0,17478.089,676.432
2018-05-07,24421.3,17479.19,676.9933
2018-05-08,24434.9,17480.224,677.1515
2018-05-09,24443.6,17481.285,677.3035
2018-05-10,24458.4,17482.573,677.9275
2018-05-11,24467.5,17483.781,678.2068
2018-05-12,24477.6,17485.186,678.7631
2018-05-13,24501.0,17486.752,679.4
2018-05-14,24511.5,17487.64,679.6769
2018-05-15,24527.1,17488.646,680.099
2018-05-16,24546.3,17489.609,680.4255
2018-05-17,24555.8,17490.69,680.7364
2018-05-18,24573.0,17491.767,681.0172
2018-05-19,24587.1,17492.845,681.3479
2018-05-20,24606.1,17493.865,681.8163
2018-05-23,24653.5,17497.264,682.9064
2018-05-24,24663.2,17498.129,683.1415
2018-05-25,24676.0,17499.187,683.5501
2018-05-26,24691.0,17500.328,683.832
2018-05-27,24706.9,17501.15,684.2006
2018-05-31,24749.3,17502.675,684.5137
2018-06-01,24766.6,17503.95,684.8984
2018-06-02,24775.9,17504.815,685.2306
2018-06-03,24797.2,17506.001,685.7234
2018-06-04,24808.0,17507.143,686.0482
2018-06-05,24822.3,17508.099,686.3285
2018-06-06,24835.4,17509.409,686.8517
2018-06-07,24847.3,17510.379,687.1672
2018-06-10,24872.3,17512.303,687.5169
2018-06-11,24886.5,17513.085,687.8508
2018-06-12,24902.0,17514.309,688.3684
2018-06-13,24921.3,17515.411,688.7982
2018-06-14,24929.9,17516.347,688.983
2018-06-15,24939.2,17517.266,689.3344
2018-06-16,24958.5,17518.253,689.6616
2018-06-19,25000.1,17521.15,690.454
2018-06-21,25023.1,17522.661,690.9263
2018-06-22,25034.6,17523.417,691.1625
2018-06-23,25046.3,17524.638,691.5365
2018-06-24,25062.0,17526.0,691.9928
2018-06-25,25077.1,17526.97,692.449
2018-06-26,25087.6,17528.079,692.7432
2018-06-27,25109.3,17529.105,693.3015
2018-06-28,25119.8,17530.18,693.5335
2018-07-01,25172.5,17533.383,694.531
2018-07-02,25186.9,17534.577,694.9155
2018-07-04,25220.3,17536.663,695.6542
2018-07-06,25238.8,17538.584,696.1995
2018-07-07,25252.6,17539.834,696.5647
2018-07-08,25271.1,17540.717,696.972
2018-07-10,25291.2,17542.884,697.5225
2018-07-12,25320.0,17544.837,698.2284
2018-07-13,25337.3,17546.109,698.6142
2018-07-16,25379.6,17549.223,699.555
2018-07-18,25408.5,17551.144,700.1442
2018-07-22,25464.3,17555.328,701.5862
2018-07-24,25492.4,17557.274,702.29
2018-07-26,25513.0,17559.403,703.0165
2018-07-28,25543.2,17561.63,703.7252
2018-08-03,25568.1,17561.805,703.9325
2018-08-05,25601.5,17564.753,704.867
2018-08-08,25642.2,17568.021,706.0283
2018-08-10,25676.5,17569.745,706.7385
2018-08-13,25712.0,17572.847,707.8235
2018-08-15,25734.5,17575.298,708.703
2018-08-18,25771.4,17578.437,709.7659
2018-08-20,25804.8,17580.437,710.6361
2018-08-23,25840.2,17583.42,711.7432
2018-08-25,25859.5,17585.663,712.2784
2018-08-26,25876.0,17586.633,712.6693
2018-08-28,25902.7,17588.444,713.4303
2018-09-08,25950.0,17588.604,713.617
2018-09-10,25987.0,17591.732,714.3843
2018-09-11,25997.0,17592.573,714.6816
2018-09-12,26007.7,17593.76,714.9867
2018-09-13,26013.5,17594.537,715.1007
2018-09-16,26053.0,17597.535,716.0926
2018-09-18,26072.8,17599.308,716.7356
2018-09-20,26095.9,17601.355,717.3615
2018-09-22,26123.8,17603.435,717.989
2018-09-23,26139.0,17604.467,718.4286
2018-09-28,26192.8,17609.597,719.9223
2018-09-29,26203.2,17610.634,720.2245
2018-09-30,26222.6,17611.757,720.6251
2018-10-01,26233.1,17612.897,720.8646
2018-10-02,26251.5,17614.148,721.3002
2018-10-03,26266.2,17615.447,721.6359
2018-10-04,26273.7,17616.822,721.8535
2018-10-05,26286.4,17618.131,722.2239
2018-10-06,26297.8,17619.338,722.6
2018-10-07,26313.9,17620.414,722.9709
2018-10-08,26326.7,17621.695,723.2577
2018-10-09,26337.1,17622.869,723.6224
2018-10-10,26354.2,17624.297,724.0108
2018-10-11,26364.3,17625.583,724.2559
2018-10-12,26380.9,17626.624,724.648
2018-10-13,26391.2,17627.732,724.9095
2018-10-14,26411.8,17628.84,725.3322
2018-10-15,26424.4,17629.902,725.6581
2018-10-16,26436.5,17630.977,725.9487
2018-10-17,26449.3,17632.186,726.4144
2018-10-18,26460.2,17633.45,726.6633
2018-10-20,26493.2,17636.154,727.3832
2018-10-21,26509.9,17637.865,727.7582
2018-10-22,26521.1,17640.966,727.9383
2018-10-23,26531.3,17644.023,728.2684
2018-10-24,26543.4,17647.052,728.4813
2018-10-25,26551.1,17650.095,728.7328
2018-10-26,26565.5,17652.505,729.2144
2018-10-27,26581.9,17656.315,729.5256
2018-10-28,26601.0,17661.932,729.9931
2018-10-29,26612.2,17668.039,730.1469
2018-10-30,26622.8,17671.851,730.3816
2018-10-31,26635.4,17676.375,730.6485
2018-11-04,26658.4,17686.975,730.96
2018-11-05,26672.0,17693.432,731.2599
2018-11-06,26683.5,17695.925,731.603
2018-11-07,26693.2,17699.253,731.8632
2018-11-08,26704.6,17702.629,732.1142
2018-11-09,26721.8,17707.363,732.5614
2018-11-10,26733.0,17710.789,732.8999
2018-11-11,26749.6,17713.377,733.2793
2018-11-12,26758.3,17715.994,733.6034
2018-11-13,26777.4,17718.674,733.9609
2018-11-14,26794.9,17723.1,734.2041
2018-11-15,26809.1,17730.0,734.7109
2018-11-16,26830.1,17736.352,735.1323
2018-11-17,26842.4,17741.506,735.5172
2018-11-18,26858.9,17746.859,735.8736
2018-11-19,26871.6,17753.199,736.1225
2018-11-20,26884.7,17760.341,736.3781
2018-11-21,26902.6,17768.351,736.8931
2018-11-22,26916.7,17775.012,737.1536
2018-11-23,26933.8,17781.788,737.4923
2018-11-24,26947.4,17787.54,737.733
2018-11-25,26963.7,17793.326,738.021
2018-11-26,26980.5,17799.473,738.2095
2018-11-27,26996.2,17805.846,738.4875
2018-11-28,27012.0,17813.237,738.9576
2018-11-29,27026.3,17820.181,739.2354
2018-11-30,27037.0,17827.797,739.4473
2018-12-01,27049.4,17832.73,739.7391
2018-12-02,27065.8,17838.582,740.0461
2018-12-03,27078.8,17842.039,740.3335
2018-12-04,27096.2,17846.411,740.6004
2018-12-05,27113.2,17852.101,740.958
2018-12-06,27125.7,17857.635,741.2241
2018-12-07,27139.3,17862.099,741.6082
2018-12-08,27154.0,17867.925,741.8798
2018-12-09,27172.0,17873.503,742.1661
2018-12-10,27181.2,17882.222,742.4066
2018-12-11,27193.8,17891.291,742.6044
2018-12-12,27215.7,17899.369,743.2522
2018-12-13,27227.1,17908.178,743.4294
2018-12-14,27239.9,17917.931,743.8713
2018-12-15,27254.0,17926.642,744.0993
2018-12-16,27269.1,17935.367,744.3766
2018-12-17,27279.5,17944.075,744.661
2018-12-18,27291.7,17951.449,744.9422
2018-12-19,27308.8,17959.305,745.4363
2018-12-20,27316.2,17966.982,745.6185
2018-12-21,27330.6,17974.538,745.9686
2018-12-22,27343.7,17979.651,746.1933
2018-12-23,27358.9,17985.352,746.4608
2018-12-24,27374.5,17990.374,746.7223
2018-12-29,27411.7,18030.729,747.2672
2018-12-30,27426.1,18040.25,747.473
2018-12-31,27436.3,18047.738,747.658
2019-01-01,27448.0,18054.015,747.9722
2019-01-02,27461.5,18061.958,748.2464
2019-01-03,27472.3,18069.945,748.4769
2019-01-04,27486.2,18078.898,748.8328
2019-01-05,27498.2,18087.318,749.1409
2019-01-06,27515.5,18094.816,749.439
2019-01-07,27527.8,18102.578,749.7272
2019-01-08,27540.06667,18113.138,750.0289667
2019-01-09,27552.33333,18123.698,750.3307333
2019-01-10,27564.6,18134.258,750.6325
2019-01-11,27575.8,18143.882,750.8505
2019-01-12,27591.7,18152.277,751.1605
2019-01-13,27607.5,18160.297,751.4673
2019-01-14,27619.7,18168.123,751.7152
2019-01-15,27629.0,18177.492,751.9393
2019-01-16,27645.7,18186.181,752.4288
2019-01-17,27653.9,18194.638,752.7414
2019-01-18,27663.6,18203.726,753.0425
2019-01-19,27676.7,18211.96,753.3831
2019-01-20,27694.6,18221.476,753.7442
2019-01-21,27707.6,18231.476,754.1178
2019-01-22,27721.3,18242.414,754.5103
2019-01-23,27735.0,18253.352,754.9028
2019-01-24,27744.2,18263.741,755.1095
2019-01-25,27757.1,18274.966,755.5002
2019-01-26,27766.4,18283.852,755.767
2019-01-27,27783.5,18290.26,756.1929
2019-01-28,27793.9,18297.948,756.444
2019-01-29,27802.7,18306.186,756.7336
2019-01-30,27819.1,18316.984,757.2404
2019-01-31,27826.6,18325.097,757.4721
2019-02-01,27835.6,18333.15,757.7578
2019-02-02,27845.0,18340.998,758.1819
2019-02-03,27860.9,18349.175,758.4952
2019-02-04,27874.3,18358.0,758.8
2019-02-05,27887.6,18366.763,759.1685
2019-02-06,27901.3,18374.678,759.6007
2019-02-07,27911.4,18384.1,759.8824
2019-02-08,27923.5,18390.1,760.2057
2019-02-09,27935.5,18395.52,760.6323
2019-02-10,27948.1,18400.151,760.9032
2019-02-11,27958.0,18406.312,761.1757
2019-02-12,27973.0,18412.722,761.5049
2019-02-13,27984.6,18419.981,761.9808
2019-02-14,27994.3,18428.777,762.2489
2019-02-15,28007.6,18435.273,762.601
2019-02-16,28019.4,18440.799,762.9441
2019-02-17,28039.9,18445.813,763.3467
2019-02-18,28053.3,18450.401,763.6997
2019-02-19,28067.4,18454.669,763.9655
2019-02-20,28084.0,18459.446,764.4727
2019-02-21,28091.8,18464.898,764.7618
2019-02-23,28113.9,18477.292,765.5023
2019-02-24,28130.9,18483.265,765.8886
2019-02-25,28138.9,18489.644,766.2073
2019-02-26,28151.4,18494.306,766.5268
2019-02-27,28162.7,18498.438,766.7949
2019-02-28,28173.4,18502.325,767.1429
2019-03-01,28182.1,18506.292,767.3687
2019-03-02,28195.2,18511.382,767.7331
2019-03-03,28209.9,18515.094,768.1516
2019-03-04,28222.1,18519.328,768.412
2019-03-05,28235.8,18525.642,768.9528
2019-03-06,28248.0,18530.563,769.1409
2019-03-07,28254.5,18535.848,769.2337
2019-03-08,28261.0,18541.133,769.3265
2019-03-09,28267.5,18546.417,769.4192
2019-03-10,28274.0,18551.702,769.512
2019-03-11,28287.4,18560.53,769.8031
2019-03-12,28299.2,18566.262,769.9565
2019-03-13,28313.4,18572.161,770.4785
2019-03-14,28325.1,18579.937,770.7476
2019-03-15,28336.2,18586.74,771.1297
2019-03-16,28350.1,18590.812,771.459
2019-03-17,28362.3,18594.67,771.7779
2019-03-18,28374.9,18600.007,772.2115
2019-03-19,28389.4,18605.755,772.552
2019-03-20,28405.9,18611.037,773.0591
2019-03-21,28419.4,18615.603,773.4099
2019-03-22,28431.4,18619.207,773.6805
2019-03-23,28443.5,18622.142,774.0981
2019-03-24,28461.8,18624.464,774.4723
2019-03-25,28473.7,18628.203,774.7955
2019-03-26,28487.7,18633.22,775.1077
2019-03-27,28501.6,18639.177,775.5828
2019-03-28,28512.5,18644.171,775.8952
2019-03-29,28530.1,18647.538,776.2634
2019-03-30,28541.4,18650.916,776.7298
2019-03-31,28561.5,18653.52,777.1689
2019-04-01,28573.0,18656.055,777.4496
2019-04-02,28585.1,18658.556,777.7529
2019-04-03,28602.2,18660.98,778.288
2019-04-04,28616.3,18663.218,778.6092
2019-04-05,28626.6,18667.409,778.9235
2019-04-06,28639.7,18671.401,779.3936
2019-04-07,28661.6,18673.769,779.922
2019-04-08,28677.8,18676.267,780.306
2019-04-09,28694.0,18678.689,780.6184
2019-04-10,28708.6,18681.667,781.1092
2019-04-11,28725.0,18684.373,781.5969
2019-04-12,28740.1,18688.385,782.13
2019-04-13,28756.9,18691.553,782.4405
2019-04-14,28771.4,18695.388,782.8464
2019-04-15,28783.4,18700.098,783.2297
2019-04-16,28796.9,18702.918,783.5167
2019-04-17,28804.8,18705.296,783.745
2019-04-26,28837.2,18708.599,784.0967
2019-04-27,28851.3,18712.263,784.5564
2019-04-28,28871.2,18715.954,785.0307
2019-04-29,28885.0,18720.14,785.3804
2019-04-30,28896.1,18723.681,785.5673
2019-05-01,28910.2,18725.91,785.9424
2019-05-02,28921.0,18727.375,786.1548
2019-05-03,28935.1,18728.872,786.4967
2019-05-04,28942.9,18731.272,786.8691
2019-05-05,28960.9,18735.72,787.3557
2019-05-17,29110.0,18771.855,790.829
2019-05-18,29124.9,18773.872,791.2921
2019-05-19,29142.3,18775.321,791.7411
2019-05-20,29157.5,18776.454,792.0519
2019-05-21,29175.0,18777.983,792.4308
2019-05-22,29193.1,18779.313,792.862
2019-05-23,29205.4,18781.195,793.269
2019-05-24,29218.2,18783.002,793.6982
2019-05-25,29228.4,18784.381,794.0158
2019-05-26,29247.8,18785.751,794.4543
2019-05-27,29261.4,18787.062,794.7408
2019-05-28,29278.4,18787.955,794.9584
2019-05-29,29291.8,18789.378,795.344
2019-05-30,29309.2,18790.559,795.7223
2019-05-31,29319.6,18791.979,796.0427
2019-06-01,29331.2,18793.338,796.4107
2019-06-02,29349.5,18794.687,796.8757
2019-06-08,29413.1,18801.873,798.7851
2019-06-09,29430.6,18803.224,799.1828
2019-06-10,29444.8,18804.508,799.5745
2019-06-11,29452.2,18805.35,799.7755
2019-06-12,29464.4,18806.684,800.0704
2019-06-14,29483.3,18808.429,800.495
2019-06-15,29497.5,18809.98,801.0278
2019-06-21,29526.1,18811.511,801.308
2019-06-22,29542.5,18812.334,801.6591
2019-06-23,29563.8,18813.413,802.0326
2019-06-24,29578.3,18814.432,802.4217
2019-06-25,29589.1,18815.513,802.844
2019-06-26,29602.8,18816.699,803.3468
2019-06-27,29614.6,18817.913,803.7082
2019-06-28,29626.9,18819.037,804.0586
2019-06-29,29643.1,18820.225,804.449
2019-06-30,29657.3,18821.244,804.7819
2019-07-01,29669.1,18822.253,805.1274
2019-07-02,29681.5,18823.214,805.4402
2019-07-03,29693.0,18824.377,806.0039
2019-07-04,29705.5,18825.608,806.3127
2019-07-05,29714.8,18826.628,806.675
2019-07-06,29727.0,18827.721,806.9395
2019-07-07,29740.2,18828.857,807.3196
2019-07-08,29747.0,18829.786,807.5713
2019-07-09,29756.8,18830.794,807.8725
2019-07-10,29770.1,18831.87,808.3665
2019-07-11,29780.9,18832.998,808.7451
2019-07-12,29790.5,18834.024,809.105
2019-07-13,29807.3,18835.276,809.4925
2019-07-14,29822.1,18836.247,809.8231
2019-07-15,29829.6,18837.027,810.0675
2019-07-16,29845.9,18837.983,810.4553
2019-07-17,29856.0,18839.179,810.9705
2019-07-18,29867.4,18840.299,811.237
2019-07-19,29881.9,18841.402,811.6415
2019-07-20,29890.0,18842.365,811.9968
2019-07-21,29907.1,18843.465,812.4906
2019-07-22,29926.3,18844.463,812.8302
2019-07-23,29944.5,18845.481,813.1958
2019-07-25,29967.6,18847.515,813.8991
2019-07-26,29979.1,18848.446,814.1057
2019-08-03,30060.1,18849.74,814.436
2019-08-04,30075.5,18850.8,814.786
2019-08-05,30087.2,18851.86,815.1969
2019-08-06,30103.5,18852.936,815.685
2019-08-07,30118.8,18854.26,816.1514
2019-08-08,30125.1,18855.148,816.4157
2019-08-09,30139.3,18856.193,816.7673
2019-08-11,30167.8,18858.408,817.5441
2019-08-12,30182.8,18859.593,817.8551
2019-08-13,30200.1,18860.665,818.3615
2019-08-14,30211.8,18861.685,818.79
2019-08-15,30224.6,18862.577,819.0917
2019-08-17,30247.1,18864.926,819.8486
2019-08-18,30264.7,18866.05,820.2445
2019-08-19,30275.9,18867.354,820.6755
2019-08-20,30287.7,18868.501,821.0998
2019-08-21,30302.2,18869.433,821.3956
2019-08-22,30311.9,18870.406,821.6851
2019-08-24,30338.6,18872.508,822.4367
2019-09-05,30368.9,18872.508,822.6102
2019-09-08,30421.2,18876.557,823.6925
2019-09-09,30439.0,18877.633,824.0579
2019-09-10,30450.6,18878.616,824.3616
2019-09-11,30467.9,18879.794,824.8422
2019-09-13,30492.6,18881.845,825.4715
2019-09-15,30519.4,18884.187,826.1902
2019-09-16,30530.2,18885.218,826.5562
2019-09-17,30544.1,18886.347,826.9017
2019-09-18,30558.9,18887.669,827.353
2019-09-20,30587.2,18889.437,827.979
2019-09-21,30600.3,18890.822,828.4747
2019-09-22,30618.6,18891.994,828.873
2019-09-23,30632.7,18893.041,829.2766
2019-09-24,30648.9,18893.918,829.6256
2019-09-25,30665.5,18895.122,830.0757
2019-09-27,30692.0,18897.969,830.7326
2019-09-28,30703.7,18898.167,830.9503
2019-09-29,30716.6,18899.097,831.3351
2019-10-03,30772.1,18903.095,832.6191
2019-10-05,30798.1,18905.334,833.203
2019-10-06,30814.7,18907.196,833.65
2019-10-07,30831.1,18909.133,833.9074
2019-10-08,30849.8,18911.532,834.161
2019-10-09,30865.9,18912.991,834.6726
2019-10-10,30884.5,18915.171,835.1125
2019-10-11,30898.1,18916.306,835.4212
2019-10-12,30912.5,18920.374,835.7768
2019-10-13,30930.5,18921.435,836.2513
2019-10-14,30945.3,18922.378,836.555
2019-10-15,30962.8,18923.614,837.0029
2019-10-16,30982.0,18924.798,837.477
2019-10-17,30995.8,18926.053,837.8448
2019-10-18,31008.3,18926.973,838.148
2019-10-19,31021.4,18928.044,838.4047
2019-10-20,31038.9,18928.989,838.792
2019-10-21,31053.6,18930.021,839.1412
2019-10-22,31069.7,18931.06,839.4302
2019-10-23,31091.5,18931.998,839.875
2019-10-24,31106.9,18933.185,840.2641
2019-10-25,31122.6,18934.312,840.609
2019-10-26,31135.4,18936.087,840.9142
2019-10-27,31154.4,18937.093,841.3288
2019-10-28,31170.0,18938.332,841.6076
2019-10-29,31184.8,18940.992,841.8446
2019-10-30,31196.6,18945.206,842.1846
2019-11-03,31226.5,18953.35,842.5951
2019-11-04,31243.8,18960.297,843.0447
2019-11-05,31260.4,18966.166,843.3785
2019-11-06,31278.0,18973.642,843.9264
2019-11-07,31293.1,18978.953,844.2714
2019-11-08,31310.3,18984.371,844.6726
2019-11-09,31324.1,18992.391,844.959
2019-11-10,31341.6,18999.876,845.3954
2019-11-15,31416.1,19032.883,847.2359
2019-11-16,31433.4,19039.04,847.6181
2019-11-17,31453.1,19045.389,848.1363
2019-11-18,31469.6,19050.159,848.5168
2019-11-19,31488.5,19055.972,848.9443
2019-11-20,31504.0,19063.537,849.3676
2019-11-21,31515.0,19070.555,849.6084
2019-11-22,31530.4,19076.131,849.9995
2019-11-23,31543.4,19083.014,850.3376
2019-11-24,31560.3,19086.864,850.6603
2019-11-25,31574.5,19091.842,851.0719
2019-11-26,31588.8,19096.029,851.319
2019-11-28,31620.1,19105.651,852.1923
2019-11-29,31633.5,19110.958,852.4815
2019-11-30,31655.9,19118.425,852.8121
2019-12-01,31678.2,19128.217,853.3226
2019-12-02,31694.6,19136.916,853.6717
2019-12-03,31713.2,19145.635,854.0489
2019-12-04,31727.6,19153.938,854.518
2019-12-05,31741.0,19162.393,854.8824
2019-12-06,31752.1,19170.32,855.211
2019-12-07,31766.0,19174.311,855.4992
2019-12-08,31784.0,19178.983,855.849
2019-12-09,31798.0,19181.735,856.2271
2019-12-10,31816.5,19185.673,856.6263
2019-12-11,31834.8,19192.919,857.1588
2019-12-12,31849.6,19198.06,857.4315
2019-12-13,31863.9,19204.644,857.7528
2019-12-14,31879.0,19209.39,858.0844
2019-12-15,31892.5,19211.708,858.4583
2019-12-16,31909.5,19215.858,858.8903
2019-12-17,31925.9,19218.857,859.2316
2019-12-18,31944.8,19221.29,859.7812
2019-12-19,31957.7,19226.514,860.1355
2019-12-20,31972.8,19229.835,860.4666
2019-12-21,31988.9,19233.946,860.8421
2019-12-22,32008.6,19238.236,861.1921
2019-12-23,32030.3,19241.162,861.6883
2019-12-24,32050.0,19244.599,862.0508
2019-12-29,32088.7,19269.969,862.3492
2019-12-30,32103.2,19278.111,862.722
2019-12-31,32118.9,19282.527,863.0109
2020-01-01,32129.9,19287.653,863.3195
2020-01-02,32144.2,19293.104,863.745
2020-01-03,32160.0,19297.783,864.0064
2020-01-04,32174.5,19301.425,864.372
2020-01-05,32194.1,19305.519,864.8106
2020-01-06,32213.4,19309.799,865.2567
2020-01-07,32224.9,19314.271,865.5178
2020-01-08,32242.1,19318.915,866.0045
2020-01-09,32256.3,19322.038,866.2815
2020-01-10,32267.0,19325.41,866.5597
2020-01-11,32279.7,19329.419,866.8749
2020-01-12,32301.9,19334.742,867.3396
2020-01-13,32311.9,19338.162,867.5861
2020-01-14,32323.7,19341.969,867.8186
2020-01-15,32338.1,19345.697,868.2914
2020-01-16,32348.7,19348.243,868.6314
2020-01-17,32364.3,19351.709,869.0367
2020-01-18,32376.8,19355.781,869.362
2020-01-19,32396.0,19360.104,869.7506
2020-01-20,32406.5,19364.111,870.029
2020-01-21,32420.3,19369.864,870.261
2020-01-22,32435.6,19376.692,870.78
2020-01-23,32447.7,19383.89,871.0038
2020-01-24,32459.2,19389.381,871.3382
2020-01-25,32474.1,19394.723,871.6994
2020-01-26,32491.9,19398.723,872.1059
2020-01-27,32503.1,19401.721,872.3444
2020-01-28,32515.8,19405.008,872.6157
2020-01-29,32531.0,19409.763,873.1268
2020-01-30,32546.5,19413.443,873.3695
2020-01-31,32559.8,19415.387,873.716
2020-02-01,32574.5,19418.614,874.085
2020-02-02,32593.1,19420.665,874.4624
2020-02-03,32610.4,19423.398,874.8277
2020-02-04,32627.1,19426.588,875.1209
2020-02-05,32640.9,19430.966,875.5496
2020-02-06,32652.2,19438.506,875.8515
2020-02-07,32667.3,19444.72,876.2247
2020-02-08,32680.9,19451.266,876.6002
2020-02-09,32701.6,19454.935,877.1119
2020-02-10,32717.8,19456.778,877.5146
2020-02-11,32732.1,19460.097,877.9793
2020-02-12,32746.2,19464.314,878.3152
2020-02-13,32759.4,19469.242,878.6279
2020-02-14,32771.8,19472.639,878.9379
2020-02-15,32787.3,19477.889,879.3795
2020-02-16,32803.4,19480.758,879.7006
2020-02-17,32820.2,19482.485,880.1948
2020-02-18,32830.8,19485.623,880.3956
2020-02-19,32848.5,19489.671,880.9703
2020-02-20,32863.2,19494.175,881.1926
2020-02-21,32877.9,19498.337,881.6013
2020-02-25,32912.8,19503.493,881.959
2020-02-26,32936.9,19514.057,882.5322
2020-02-27,32955.5,19519.44,883.0055
2020-02-28,32972.4,19525.795,883.3233
2020-02-29,32986.9,19529.947,883.662
2020-03-01,33007.5,19533.177,884.1525
2020-03-02,33022.0,19535.51,884.4699
2020-03-03,33033.4,19538.584,884.7927
2020-03-04,33053.8,19543.38,885.2226
2020-03-05,33067.1,19548.247,885.4701
2020-03-06,33080.0,19551.631,885.9341
2020-03-07,33096.4,19556.698,886.3182
2020-03-08,33116.4,19560.48,886.922
2020-03-09,33131.1,19563.26,887.2074
2020-03-10,33144.4,19566.949,887.5027
2020-03-11,33161.4,19568.661,888.0295
2020-03-12,33173.9,19570.272,888.439
2020-03-13,33192.8,19572.463,888.7996
2020-03-14,33206.2,19576.165,889.14
2020-03-15,33226.4,19579.179,889.6085
2020-03-16,33244.4,19581.231,890.0544
2020-03-17,33263.0,19582.706,890.4762
2020-03-18,33281.7,19584.297,890.9262
2020-03-19,33298.5,19585.796,891.2109
2020-03-20,33314.4,19587.306,891.6705
2020-03-21,33329.9,19590.351,892.0285
2020-03-22,33351.5,19593.941,892.4214
2020-03-23,33368.9,19597.375,892.8551
2020-03-24,33383.2,19601.01,893.1217
2020-03-25,33395.4,19604.48,893.5588
2020-03-26,33409.3,19608.35,893.8623
2020-03-27,33420.5,19610.924,894.1526
2020-03-28,33438.3,19613.723,894.769
2020-03-29,33456.0,19617.176,895.1417
2020-03-30,33475.5,19622.317,895.5212
2020-03-31,33488.6,19628.122,895.8792
2020-04-01,33502.2,19632.472,896.2056
2020-04-02,33522.5,19635.364,896.7657
2020-04-03,33535.2,19637.421,897.1216
2020-04-04,33549.5,19639.562,897.5202
2020-04-05,33570.1,19641.884,898.099
2020-04-06,33586.7,19643.502,898.4522
2020-04-07,33601.7,19644.778,898.8644
2020-04-08,33618.4,19646.219,899.3178
2020-04-09,33632.7,19647.73,899.6538
2020-04-10,33648.0,19649.038,900.077
2020-04-11,33663.3,19650.433,900.5384
2020-04-12,33681.2,19651.848,901.0214
2020-04-13,33698.4,19653.078,901.3902
2020-04-14,33710.5,19654.465,901.6994
2020-04-15,33726.2,19655.91,902.0594
2020-04-16,33742.8,19657.251,902.415
2020-04-17,33756.4,19658.471,902.934
2020-04-18,33767.8,19659.975,903.2578
2020-04-19,33786.3,19661.216,903.7731
2020-04-20,33799.7,19662.38,904.0876
2020-04-21,33811.1,19663.432,904.4455
2020-04-22,33824.3,19664.473,904.7432
2020-04-23,33841.0,19665.725,905.1131
2020-04-24,33852.3,19666.937,905.4455
2020-04-25,33863.5,19668.221,905.7287
2020-04-26,33881.8,19669.685,906.2146
2020-04-27,33896.7,19670.703,906.5242
2020-04-28,33914.7,19672.01,907.0658
2020-04-29,33932.5,19673.231,907.4726
2020-04-30,33945.0,19674.418,907.7812
2020-05-01,33959.7,19675.54,908.0906
2020-05-02,33977.2,19676.926,908.5286
2020-05-03,33994.5,19678.27,908.9047
2020-05-04,34008.3,19679.53,909.2796
2020-05-05,34029.0,19680.676,909.7529
2020-05-06,34048.0,19682.146,910.1724
2020-05-07,34061.7,19683.416,910.5487
2020-05-08,34076.9,19684.7,910.979
2020-05-09,34087.4,19686.112,911.3177
2020-05-10,34103.0,19687.444,911.8597
2020-05-11,34114.6,19688.755,912.2756
2020-05-12,34131.6,19690.12,912.6843
2020-05-13,34147.4,19691.525,913.0095
2020-05-14,34164.7,19692.744,913.5147
2020-05-15,34180.6,19694.237,913.8419
2020-05-16,34192.0,19695.718,914.1713
2020-05-17,34211.1,19697.087,914.7376
2020-05-19,34235.9,19699.853,915.4951
2020-05-20,34251.9,19701.022,915.9
2020-05-22,34274.7,19703.264,916.617
2020-05-23,34288.6,19704.563,917.0097
2020-05-24,34306.9,19705.594,917.376
2020-05-25,34334.2,19706.807,917.83
2020-05-26,34337.6,19707.976,918.1681
2020-05-28,34368.2,19710.176,918.9345
2020-05-30,34397.3,19712.738,919.7082
2020-06-01,34437.6,19715.053,920.6203
2020-06-03,34463.7,19717.599,921.3575
2020-06-05,34499.1,19719.972,922.1887
2020-06-07,34526.4,19722.273,922.9712
2020-06-09,34554.8,19724.729,923.9055
2020-06-13,34606.4,19727.09,924.6548
2020-06-15,34642.4,19729.627,925.531
2020-06-17,34668.6,19731.985,926.3007
2020-06-19,34693.1,19734.399,926.8949
2020-06-21,34731.2,19736.939,927.8633
2020-06-25,34783.8,19742.4,929.572
2020-06-27,34810.2,19744.962,930.266
2020-06-29,34846.3,19747.42,931.1311
2020-07-01,34870.7,19750.012,931.9005
2020-07-03,34899.9,19752.294,932.6864
2020-07-05,34942.5,19754.785,933.4754
2020-07-07,34951.4,19757.224,934.317
2020-07-09,34980.0,19759.881,935.2368
2020-07-10,34992.8,19761.092,935.5335
2020-07-11,35004.3,19762.307,935.9703
2020-07-13,35031.4,19764.665,936.7302
2020-07-15,35057.6,19767.14,937.3725
2020-07-17,35085.4,19769.644,938.1591
2020-07-19,35107.3,19771.968,938.9165
2020-07-20,35128.4,19773.281,939.325
2020-07-21,35138.8,19774.445,939.6163
2020-07-23,35170.7,19777.025,940.6524
2020-07-29,35216.3,19779.62,941.2714
2020-07-31,35241.9,19782.041,942.0419
2020-08-02,35273.4,19784.419,942.9824
2020-08-04,35303.1,19786.888,943.5585
2020-08-05,35315.8,19788.099,944.0161
2020-08-08,35351.8,19791.855,945.1524
2020-08-09,35372.3,19793.099,945.6776
2020-08-11,35398.3,19795.406,946.2826
2020-08-13,35432.7,19797.495,947.4392
2020-08-14,35441.6,19798.702,947.9376
2020-08-18,35489.0,19799.946,948.2565
2020-08-20,35530.3,19802.239,949.139
2020-08-22,35553.8,19804.734,949.7968
2020-08-25,35598.3,19808.354,950.9152
2020-08-26,35616.6,19809.847,951.4015
2020-09-05,35657.4,19811.266,951.9004
2020-09-06,35671.7,19812.449,952.4012
2020-09-08,35697.9,19814.936,953.0206
2020-09-10,35722.7,19817.432,953.705
2020-09-12,35749.1,19820.028,954.5645
2020-09-14,35782.4,19822.5,955.5771
2020-09-16,35810.6,19824.902,956.4337
2020-09-19,35844.2,19828.516,957.6407
2020-09-21,35877.0,19830.745,958.4021
2020-09-23,35906.4,19833.321,959.2837
2020-09-25,35931.4,19835.573,959.8597
2020-09-26,35945.4,19836.626,960.2001
2020-09-27,35964.0,19837.93,960.6099
2020-09-28,35975.4,19839.0,960.8875
2020-09-30,36007.0,19841.186,961.7858
2020-10-01,36017.0,19842.26,962.1371
2020-10-03,36042.8,19844.768,962.8178
2020-10-04,36064.9,19846.281,963.4066
2020-10-06,36093.4,19848.568,963.9443
2020-10-07,36111.4,19849.591,964.4873
2020-10-08,36120.4,19850.639,964.754
2020-10-10,36154.8,19853.027,965.45
2020-10-11,36173.9,19854.285,965.9233
2020-10-12,36191.5,19855.788,966.4186
2020-10-13,36207.1,19857.135,966.8668
2020-10-14,36222.6,19858.709,967.105
2020-10-15,36237.3,19860.481,967.456
2020-10-16,36253.3,19862.528,967.8292
2020-10-17,36268.8,19865.059,968.1507
2020-10-18,36287.3,19866.8,968.583
2020-10-19,36304.8,19867.994,968.9168
2020-10-20,36320.1,19869.331,969.3048
2020-10-21,36338.2,19870.721,969.7546
2020-10-22,36354.5,19871.965,970.1144
2020-10-23,36370.5,19873.166,970.5065
2020-10-25,36408.7,19876.876,971.3659
2020-10-26,36426.2,19879.363,971.7143
2020-10-27,36444.3,19881.334,972.0923
2020-10-28,36460.6,19882.991,972.3759
2020-10-29,36479.0,19884.39,972.7728
2020-10-30,36496.9,19885.646,973.0627
2020-10-31,36519.6,19887.0,973.4694
2020-11-01,36535.6,19888.624,973.9909
2020-11-02,36553.6,19889.627,974.3901
2020-11-03,36571.8,19890.757,974.6212
2020-11-04,36590.5,19892.207,975.1412
2020-11-05,36608.9,19894.065,975.461
2020-11-06,36626.8,19896.291,975.8173
2020-11-07,36643.7,19899.189,976.2244
2020-11-08,36663.3,19901.581,976.61
2020-11-09,36680.7,19903.653,976.9965
2020-11-10,36692.4,19906.024,977.2983
2020-11-11,36709.6,19908.755,977.664
2020-11-12,36723.1,19910.668,978.049
2020-11-13,36737.1,19913.295,978.3624
2020-11-14,36755.4,19915.816,978.8144
2020-11-15,36776.0,19918.605,979.2173
2020-11-16,36792.0,19920.18,979.6446
2020-11-17,36808.5,19922.694,980.0713
2020-11-18,36830.6,19924.707,980.5564
2020-11-19,36846.5,19927.426,980.906
2020-11-20,36860.3,19930.378,981.2525
2020-11-21,36875.6,19936.163,981.5974
2020-11-22,36891.7,19940.375,981.9095
2020-11-23,36907.4,19943.083,982.3607
2020-11-24,36920.7,19945.954,982.644
2020-11-26,36949.9,19952.656,983.3813
2020-11-27,36965.5,19956.417,983.662
2020-11-28,36976.9,19961.963,983.944
2020-11-29,36999.9,19966.709,984.4335
2020-11-30,37013.9,19971.543,984.7544
2020-12-01,37027.5,19975.505,985.0064
2020-12-02,37048.0,19979.805,985.5175
2020-12-03,37061.8,19984.516,985.8209
2020-12-04,37077.3,19989.338,986.1071
2020-12-05,37092.6,19994.565,986.5192
2020-12-06,37112.3,19998.969,986.88
2020-12-07,37126.9,20002.301,987.2396
2020-12-08,37140.4,20007.153,987.508
2020-12-09,37160.5,20011.781,988.0452
2020-12-10,37173.0,20015.938,988.2608
2020-12-11,37192.8,20020.144,988.7062
2020-12-12,37206.5,20024.565,988.9698
2020-12-13,37226.4,20028.455,989.4321
2020-12-14,37243.1,20031.287,989.7447
2020-12-15,37259.8,20034.729,990.137
2020-12-16,37275.5,20037.825,990.4242
2020-12-17,37293.8,20041.348,990.805
2020-12-18,37314.1,20046.406,991.2312
2020-12-19,37326.4,20051.629,991.4733
2020-12-20,37346.3,20056.044,991.8997
2020-12-21,37362.8,20059.082,992.3647
2020-12-22,37378.9,20060.648,992.5954
2020-12-23,37396.6,20061.934,992.863
2020-12-24,37414.2,20064.246,993.1637
2020-12-25,37433.2,20067.356,993.52
2020-12-26,37447.5,20073.119,993.82
2020-12-27,37467.3,20080.96,994.3249
2020-12-28,37483.6,20085.865,994.5994
2020-12-29,37500.0,20089.825,994.851
2020-12-30,37514.3,20094.632,995.1474
2020-12-31,37534.0,20100.238,995.5374
2021-01-01,37550.9,20105.108,995.8643
2021-01-02,37567.7,20110.688,996.1941
2021-01-03,37586.9,20116.255,996.5878
2021-01-04,37602.3,20122.103,996.9067
2021-01-05,37619.1,20127.936,997.2137
2021-01-06,37633.5,20134.013,997.4455
2021-01-07,37645.7,20139.174,997.665
2021-01-08,37660.4,20145.154,997.9375
2021-01-09,37681.7,20152.985,998.3586
2021-01-10,37699.7,20160.579,998.7436
2021-01-11,37717.9,20166.735,999.1321
2021-01-12,37731.6,20172.755,999.406
2021-01-13,37745.8,20177.675,999.7026
2021-01-14,37761.6,20182.346,999.9678
2021-01-15,37775.0,20189.182,1000.2265
2021-01-16,37791.0,20193.515,1000.5213
2021-01-17,37808.0,20199.174,1000.7911
2021-01-18,37822.9,20202.768,1001.0855
2021-01-19,37837.9,20206.512,1001.4408
2021-01-20,37860.3,20209.492,1001.8024
2021-01-21,37874.3,20211.887,1002.0836
2021-01-22,37889.5,20213.697,1002.3348
2021-01-23,37907.3,20216.797,1002.6712
2021-01-24,37921.9,20220.082,1002.938
2021-01-25,37938.1,20224.573,1003.2341
2021-01-26,37955.5,20228.34,1003.5357
2021-01-27,37968.5,20232.741,1003.7541
2021-01-28,37983.3,20235.691,1004.0537
2021-01-29,38000.4,20237.961,1004.2916
2021-01-30,38014.8,20240.637,1004.6284
2021-01-31,38033.0,20243.959,1004.8907
2021-02-01,38053.8,20246.747,1005.3101
2021-02-02,38069.8,20248.741,1005.7099
2021-02-03,38084.5,20250.248,1005.9411
2021-02-04,38098.5,20251.803,1006.2433
2021-02-05,38110.9,20253.1,1006.4586
2021-02-06,38125.5,20255.833,1006.8005
2021-02-07,38143.4,20258.44,1007.0828
2021-02-08,38157.2,20260.658,1007.4057
2021-02-09,38170.1,20263.701,1007.63
2021-02-10,38181.9,20267.361,1007.8913
2021-02-11,38197.5,20273.298,1008.2833
2021-02-12,38210.7,20279.783,1008.6354
2021-02-13,38223.8,20287.211,1008.9135
2021-02-14,38238.5,20293.142,1009.269
2021-02-15,38253.2,20297.772,1009.5405
2021-02-16,38266.9,20299.807,1009.7753
2021-02-17,38282.5,20301.89,1010.1495
2021-02-18,38295.5,20303.87,1010.446
2021-02-19,38309.7,20305.87,1010.7278
2021-02-20,38323.5,20308.037,1011.0556
2021-02-21,38339.3,20310.224,1011.407
2021-02-22,38353.5,20311.763,1011.7846
2021-02-23,38366.3,20313.295,1012.0797
2021-02-24,38382.1,20314.548,1012.3957
2021-02-25,38395.5,20315.883,1012.7571
2021-02-26,38409.5,20317.196,1013.0717
2021-02-27,38421.3,20319.092,1013.318
2021-02-28,38437.8,20321.262,1013.6496
2021-03-01,38451.1,20323.14,1013.9757
2021-03-02,38465.7,20324.78,1014.272
2021-03-03,38480.0,20326.613,1014.6067
2021-03-04,38491.2,20328.033,1014.8267
2021-03-05,38504.6,20330.596,1015.0763
2021-03-06,38519.2,20334.01,1015.5
2021-03-07,38536.1,20336.168,1015.8457
2021-03-08,38547.6,20338.296,1016.0992
2021-03-09,38561.6,20341.063,1016.5225
2021-03-10,38576.1,20343.274,1016.7778
2021-03-11,38589.0,20344.724,1017.0743
2021-03-12,38601.3,20346.095,1017.391
2021-03-13,38613.4,20348.065,1017.66
2021-03-14,38633.0,20350.922,1018.0771
2021-03-15,38643.3,20353.608,1018.3876
2021-03-16,38656.8,20356.485,1018.9417
2021-03-17,38669.1,20359.595,1019.345
2021-03-18,38687.6,20362.299,1019.7822
2021-03-19,38702.9,20365.936,1020.211
2021-03-20,38714.0,20369.177,1020.562
2021-03-21,38729.8,20372.964,1020.9572
2021-03-22,38742.5,20375.873,1021.1535
2021-03-23,38755.3,20377.903,1021.5417
2021-03-24,38769.0,20379.563,1021.8313
2021-03-25,38780.5,20381.034,1022.1845
2021-03-26,38792.5,20382.469,1022.5388
2021-03-27,38809.1,20384.002,1022.9131
2021-03-28,38827.7,20385.516,1023.4069
2021-03-29,38839.1,20386.79,1023.716
2021-03-30,38851.1,20388.202,1024.135
2021-03-31,38863.9,20389.363,1024.56
2021-04-01,38878.5,20390.54,1025.0154
2021-04-02,38889.1,20391.506,1025.2912
2021-04-03,38905.6,20393.048,1025.6655
2021-04-04,38918.9,20394.344,1026.062
2021-04-05,38937.3,20395.677,1026.5219
2021-04-06,38948.6,20398.097,1026.8655
2021-04-07,38963.0,20400.765,1027.2221
2021-04-08,38975.0,20402.93,1027.579
2021-04-09,38988.4,20404.59,1027.938
2021-04-10,39003.9,20405.722,1028.2877
2021-04-11,39018.7,20406.835,1028.7562
2021-04-12,39032.9,20408.967,1029.0962
2021-04-13,39046.9,20411.168,1029.4119
2021-04-14,39058.7,20413.216,1029.7732
2021-04-15,39072.2,20415.55,1030.1824
2021-04-16,39085.8,20417.839,1030.5456
2021-04-17,39102.8,20420.606,1031.0175
2021-04-18,39118.2,20422.923,1031.352
2021-04-19,39130.0,20425.014,1031.6672
2021-04-20,39145.2,20426.638,1032.1977
2021-04-21,39161.8,20428.125,1032.5867
2021-04-22,39173.6,20429.402,1032.932
2021-04-23,39187.5,20430.946,1033.3373
2021-04-24,39202.2,20431.945,1033.7459
2021-04-25,39218.9,20433.063,1034.144
2021-04-26,39235.2,20434.506,1034.7287
2021-04-27,39247.2,20435.801,1034.9792
2021-04-28,39260.7,20436.981,1035.349
2021-04-29,39276.0,20437.989,1035.8104
2021-04-30,39288.2,20439.065,1036.086
2021-05-01,39303.1,20440.051,1036.4677
2021-05-02,39319.7,20441.436,1036.8714
2021-05-03,39331.2,20442.833,1037.2852
2021-05-04,39343.2,20444.288,1037.724
2021-05-05,39357.7,20445.288,1038.1287
2021-05-06,39367.3,20446.495,1038.3663
2021-05-07,39380.9,20447.646,1038.7063
2021-05-08,39394.5,20448.781,1039.0687
2021-05-09,39408.8,20449.75,1039.451
2021-05-11,39435.9,20451.94,1040.2295
2021-05-12,39448.6,20452.978,1040.5308
2021-05-13,39459.3,20453.851,1040.7518
2021-05-14,39473.2,20454.815,1041.2146
2021-05-15,39490.7,20455.877,1041.6531
2021-05-16,39506.0,20457.041,1042.0491
2021-05-17,39520.3,20458.151,1042.3832
2021-05-18,39535.2,20459.166,1042.8025
2021-05-19,39549.0,20460.371,1043.144
2021-05-20,39560.1,20461.467,1043.428
2021-05-21,39576.5,20462.563,1043.8843
2021-05-22,39595.7,20463.707,1044.3775
2021-05-23,39613.7,20464.821,1044.7295
2021-05-24,39627.9,20465.768,1045.1871
2021-05-25,39639.8,20466.917,1045.4923
2021-05-26,39656.4,20468.1,1045.981
2021-05-27,39670.0,20469.324,1046.293
2021-05-29,39697.1,20471.887,1047.1957
2021-05-30,39716.4,20472.818,1047.6938
2021-06-04,39751.6,20475.266,1048.3573
2021-06-05,39770.2,20476.857,1049.0045
2021-06-06,39788.8,20477.966,1049.342
2021-06-07,39797.2,20478.983,1049.659
2021-06-08,39809.6,20480.101,1050.039
2021-06-09,39822.8,20481.134,1050.37
2021-06-10,39832.3,20482.288,1050.7
2021-06-13,39877.4,20485.729,1052.06
2021-06-15,39900.4,20488.151,1052.7855
2021-06-16,39913.2,20489.432,1053.2838
2021-06-17,39923.8,20490.456,1053.6595
2021-06-19,39942.0,20492.478,1054.3315
2021-06-20,39961.8,20493.615,1054.7472
2021-06-23,39999.7,20496.841,1055.9911
2021-06-24,40015.6,20497.868,1056.255
2021-06-25,40028.3,20498.782,1056.5044
2021-06-27,40058.7,20500.983,1057.3864
2021-06-29,40078.8,20503.06,1058.1732
2021-07-01,40113.6,20505.276,1058.937
2021-07-05,40172.0,20509.275,1060.315
2021-07-07,40200.4,20511.229,1060.94
2021-07-11,40264.3,20515.151,1062.4757
2021-07-13,40289.4,20517.219,1063.137
2021-07-17,40346.9,20521.506,1064.7494
2021-07-19,40379.6,20523.714,1065.4649
2021-07-20,40395.8,20524.788,1065.8798
2021-07-24,40444.3,20529.059,1067.223
2021-07-25,40467.8,20530.189,1067.8234
2021-07-26,40479.8,20531.365,1068.1031
2021-07-28,40502.4,20533.717,1068.8468
2021-07-29,40516.5,20534.791,1069.4121
2021-07-30,40527.0,20536.055,1069.6497
2021-08-01,40563.6,20538.404,1070.6194
2021-08-04,40602.7,20541.704,1071.7652
2021-08-10,40637.4,20543.345,1072.2342
2021-08-11,40649.4,20544.486,1072.5167
2021-08-12,40661.0,20545.461,1072.9614
2021-08-14,40698.1,20548.778,1074.04
2021-08-15,40714.7,20549.738,1074.5581
2021-08-16,40727.7,20550.725,1074.8237
2021-08-18,40751.8,20552.818,1075.4974
2021-08-22,40786.0,20555.881,1076.5093
2021-08-23,40804.0,20557.04,1076.89
2021-08-26,40843.8,20560.654,1078.288
2021-09-04,40877.2,20560.675,1078.3957
2021-09-07,40915.8,20564.501,1079.4159
2021-09-08,40928.5,20565.547,1079.769
2021-09-09,40939.9,20566.757,1080.1215
2021-09-11,40973.5,20569.021,1080.8325
2021-09-12,40990.8,20570.133,1081.3811
2021-09-13,41003.4,20571.383,1081.63
2021-09-14,41015.7,20572.452,1082.0475
2021-09-15,41031.3,20573.641,1082.4505
2021-09-18,41069.2,20577.067,1083.4877
2021-09-19,41088.5,20578.194,1083.9445
2021-09-20,41100.8,20579.291,1084.335
